# generated_by	scripts/generate-delivery-standalone.mjs
# hash_policy	text uses canonical LF bytes; binary and delivery/04_tests/raw use original bytes
category	source_path	packaged_path	sha256
containers	.dockerignore	containers/.dockerignore	029773a3957cdd6353b202b1b1823fb90fd0768dad104ca213312b1eca38e4db
containers	backend/Dockerfile	containers/backend/Dockerfile	9ea9ec88cfd844a86c24350436db3ded12407328ec275be7d153326ba545274b
containers	deploy/docker-compose.dev.yml	containers/compose/docker-compose.dev.yml	249b317d59fe2e7d15c6b0f24ab39ecd9ab49d0426021d229ed1d936b73fcd85
containers	deploy/docker-compose.example.yml	containers/compose/docker-compose.example.yml	319261c5d1447343a253b3b296d89d4155931766141c1584a2fedd472639dcc8
containers	deploy/docker-compose.microservices.yml	containers/compose/docker-compose.microservices.yml	134bd567e45181ef2779fad9e0e06f01e96182ba3ce0499ed8ec81f8e6ab4e88
containers	deploy/docker-compose.practice.yml	containers/compose/docker-compose.practice.yml	ab361b64a438b27808b8d9065e56ae5b9a9b99df1c90c546b2b5b5a20cc13089
containers	frontend/Dockerfile	containers/frontend/Dockerfile	a2f42f2f92abaa91d58c0c3ed79932579f608e0c4dc0e5b209e6127b3e2ad267
containers	deploy/mysql/init.sql	containers/mysql/init.sql	a07867aeeb1448088b9b5cb94fab8afde26acfce68d7b2f15bf0a232dd3f0d08
containers	deploy/nginx/default.conf	containers/nginx/default.conf	9ed300f24cace4892f64f40286b91d57997f3b2ae0f16ac640000a3f1218d7bf
containers	deploy/practice.env.example	containers/practice.env.example	06e61e703737a3fc522dbaeba17d6d2cf52d2453b7ac7b884c7b96010e63e56f
containers	services/content-media/Dockerfile	containers/services/content-media/Dockerfile	5d89c77418a4add09faf2d1a5269905f71f32be330bcd1d819909a302b0617c7
containers	services/gateway/Dockerfile	containers/services/gateway/Dockerfile	59e3686768875ee0435566127928418d723f2437e60f0fc8d0adfc4369f4cd31
containers	services/governance-ai/Dockerfile	containers/services/governance-ai/Dockerfile	1154a33d1c69c9c723baf1d28c393244e86c89f0f29e8200147c857be3bc7890
containers	services/identity-community/Dockerfile	containers/services/identity-community/Dockerfile	a41848ad088beaeb7adf400710964be7d741409eb9b530703f363f36834b89d2
containers	services/live-reward/Dockerfile	containers/services/live-reward/Dockerfile	7a82221ef4d799e49c9a27da4bc2072bdd6ac4c6c33a4ef58a45b7b097cd857f
database	backend/prisma/migrations/20260826000000_init/migration.sql	database/backend/prisma/migrations/20260826000000_init/migration.sql	6d20507c8c9d1986629fe37814931cb1d6e215bd83221f470626966bb2ebe857
database	backend/prisma/migrations/20260827_pending_report_idempotency/migration.sql	database/backend/prisma/migrations/20260827_pending_report_idempotency/migration.sql	7192361105fdac5f8b4b1cd8911c8078ae7f561cb42fc861883680fd2f6d34ac
database	backend/prisma/migrations/migration_lock.toml	database/backend/prisma/migrations/migration_lock.toml	2af88c61808da511e8e7c9473df57bfbd81684b7f0f72309a9d2bdbf8aaf2dbb
database	backend/prisma/schema.prisma	database/backend/prisma/schema.prisma	f03b5aae31e2dc53d7fae0b1454840adda96949762c3ca5ce8272926545b6eee
database	backend/prisma/seed.js	database/backend/prisma/seed.js	7414111c79ce9566f66f58995e33a751a7f4250bd932854b230487e2ea574eb3
database	backend/scripts/db-baseline-existing.js	database/backend/scripts/db-baseline-existing.js	99262bc452d002a436647bd7501d6576ad9036dbb3c3606e90cf7b9fae10c3ed
database	backend/scripts/db-target-safety.js	database/backend/scripts/db-target-safety.js	1efab778274dc3a165a2a218259e3e071335c8d5fd250ab5586f157ac75a5ca5
database	backend/scripts/seed-guard.js	database/backend/scripts/seed-guard.js	52b1de0be88823f276a35ea004389646138647083659309bf65bc8c98f64f120
database	scripts/content-cutover-migrate.mjs	database/scripts/content-cutover-migrate.mjs	01f20c5d768bf20abdf09cbb0f32fa76a1d4bffb3cb267718c575c81f4ee66b3
database	scripts/db-migrate.sh	database/scripts/db-migrate.sh	f400cb34d6dd033b46d2f946e2b128d34b7a5b718b684f2eb2d074378d8b0721
database	scripts/db-reset-test.sh	database/scripts/db-reset-test.sh	07925b7b75a8750049080d5dd4517cceadc8dde049a82c2b5e28fa743fdacc84
database	scripts/db-seed.sh	database/scripts/db-seed.sh	916f42e9926d4f5b2881d44260ea29955464be5848cfbb8951cd3b8d40899760
database	scripts/governance-cutover-migrate.mjs	database/scripts/governance-cutover-migrate.mjs	915a7aad49cc699045729214208d065167f1b8f0a9232451d2778edce40eb727
database	scripts/identity-cutover-migrate.mjs	database/scripts/identity-cutover-migrate.mjs	9308a718740804e23e1941372542b2e694323bbe5220ab7a8cefed58a68a3282
database	scripts/infra-common.sh	database/scripts/infra-common.sh	2bb2223b998a8a1e8688e9705cb89202f2153eafbabbea31a5bf0b5f8c1c88e2
database	scripts/init-db.sh	database/scripts/init-db.sh	9306124efc4eb326dbcf449c008d9653862b8e1fa4a337b693f980096f508be6
database	scripts/live-cutover-migrate.mjs	database/scripts/live-cutover-migrate.mjs	e81043a3de887ad9174b1aea90802f9340e75932bf87a2cda67a4ace48ece288
database	scripts/mysql-common.sh	database/scripts/mysql-common.sh	4332dd68f7e9647878f1902e48ea7ee6ad67db523bf92c24d49bc09abb56037d
database	services/content-media/prisma/migrations/20260827000000_content_foundation/migration.sql	database/services/content-media/prisma/migrations/20260827000000_content_foundation/migration.sql	1689a4a71f09b2c205bc9cf146c5c450ef57323a76c51ecbd9065d5cb99e18dd
database	services/content-media/prisma/migrations/202608290001_review_submission_idempotency/migration.sql	database/services/content-media/prisma/migrations/202608290001_review_submission_idempotency/migration.sql	116b9f1160cc85170282beb64b4a22fc30a8bf03dfdf172aeb4bbbf5e14a10ef
database	services/content-media/prisma/migrations/202608310001_content_cutover_preservation/migration.sql	database/services/content-media/prisma/migrations/202608310001_content_cutover_preservation/migration.sql	3c9937e5dfcf73767eacea78b40d259a62fecb131c56855bd2b70d535bc076cf
database	services/content-media/prisma/migrations/202608310002_content_interaction_writes/migration.sql	database/services/content-media/prisma/migrations/202608310002_content_interaction_writes/migration.sql	1c5e080c91d746ca325da4379ac711a13ea5bde2c671fd01fb25de3cd6d56e65
database	services/content-media/prisma/migrations/202608310003_content_publishing/migration.sql	database/services/content-media/prisma/migrations/202608310003_content_publishing/migration.sql	15185245ddcaa73c1bac981e7501eb6136301a8ac657570b9b2b3dc9048fbf0c
database	services/content-media/prisma/schema.prisma	database/services/content-media/prisma/schema.prisma	bd926cbd54d08d2b46d43d0469d66a2d782db48d74cbf47231496ff113d08b09
database	services/governance-ai/prisma/migrations/202608270001_governance_foundation/migration.sql	database/services/governance-ai/prisma/migrations/202608270001_governance_foundation/migration.sql	88786ecb06134fccea018b32031837a061e3dbc046eadaaaee4a5b359666553a
database	services/governance-ai/prisma/migrations/202608290001_governance_public_workflow/migration.sql	database/services/governance-ai/prisma/migrations/202608290001_governance_public_workflow/migration.sql	e3c134007cf3525afe7c2ef98acd413ad9ceb7b6c69a6a3b5af2441f1bf6c354
database	services/governance-ai/prisma/migrations/202608290002_governance_apply_lease/migration.sql	database/services/governance-ai/prisma/migrations/202608290002_governance_apply_lease/migration.sql	833458c2b8f3bc0f238ed86f72d3c4155bea5f5806e2230569f90e5635f9d76e
database	services/governance-ai/prisma/migrations/202608310003_review_withdrawal/migration.sql	database/services/governance-ai/prisma/migrations/202608310003_review_withdrawal/migration.sql	41e7de6e27c5f079711973f8a2b71a51b6ed9ddc7629ace756fd9c21bb77d037
database	services/governance-ai/prisma/migrations/migration_lock.toml	database/services/governance-ai/prisma/migrations/migration_lock.toml	00969ee045a3c3f087a3460235a1a744c1e35bde4441e0c55e163225eb077608
database	services/governance-ai/prisma/schema.prisma	database/services/governance-ai/prisma/schema.prisma	db51646cc6652eae3ee43b2208763065d26cf7bafc88ef3c6fbd9a94e3bb0dad
database	services/identity-community/prisma/migrations/20260828000000_init/migration.sql	database/services/identity-community/prisma/migrations/20260828000000_init/migration.sql	9be56304e22a9b24a9a3b11dd58351dc7a83d6f76021ef74a0b3510d0b89470d
database	services/identity-community/prisma/migrations/migration_lock.toml	database/services/identity-community/prisma/migrations/migration_lock.toml	17714135a6b3158713809690bff924b4c6f9473ccd7289f5f73570a9d730b721
database	services/identity-community/prisma/schema.prisma	database/services/identity-community/prisma/schema.prisma	99554fedaf432c20b52bbc7d575c53153470a72a2447855318eb6d45208b0812
database	services/live-reward/prisma/migrations/20260827000000_init/migration.sql	database/services/live-reward/prisma/migrations/20260827000000_init/migration.sql	d21e09db71b47a8e1d95279ef3a1254d79cc92308783782274cf71d820783e5a
database	services/live-reward/prisma/migrations/20260828000000_content_video_id_string/migration.sql	database/services/live-reward/prisma/migrations/20260828000000_content_video_id_string/migration.sql	a49515ecb2fd5438fd0bfba9cce08147c22e4456e913b1aeffb25243c6ed5afe
database	services/live-reward/prisma/migrations/20260828130000_idempotency_payload/migration.sql	database/services/live-reward/prisma/migrations/20260828130000_idempotency_payload/migration.sql	afc292fe98d34dcc746f7f9827aadbc82ed41ddfe145c939f21cdc3cb0648a95
database	services/live-reward/prisma/migrations/202608310004_video_external_id_string/migration.sql	database/services/live-reward/prisma/migrations/202608310004_video_external_id_string/migration.sql	ab4e81007fcaec7198e3d83bbb5b9d297466316c09664b7f98115bab09576946
database	services/live-reward/prisma/migrations/migration_lock.toml	database/services/live-reward/prisma/migrations/migration_lock.toml	cc8dd49c9230df0e30002d6e722def272683e74ebec965cb870164f704452c63
database	services/live-reward/prisma/schema.prisma	database/services/live-reward/prisma/schema.prisma	c348dde52543047f531bf879b6e234a4db8f0bd4dc13b5b001e1708e45354ee2
database	services/live-reward/prisma/seed.js	database/services/live-reward/prisma/seed.js	d50803bda4c0100ff4caf2df888c03513aa1771426dceedb2d682ef21487995e
deployment	scripts/compose-microservices-smoke.sh	deployment/scripts/compose-microservices-smoke.sh	d1754b91f6169fec4dcaf9e9738766c9bb707001ae2a2208388957dbd65a15dd
deployment	scripts/content-interaction-smoke.mjs	deployment/scripts/content-interaction-smoke.mjs	abd1c6f386e81ad35fd73d63061252df3d54fa4239c8727450122618e71bca2d
deployment	scripts/content-publishing-smoke.mjs	deployment/scripts/content-publishing-smoke.mjs	e9aac42039ee85d3bd96c041a8ab63136438de64011bd98a4d4fd3a49d191347
deployment	scripts/live-cutover-smoke.mjs	deployment/scripts/live-cutover-smoke.mjs	f1631856f5659e95037880f784af61dbd894dc269b00d92825de62ad4ca09fe9
deployment	scripts/live-reward-content-smoke.mjs	deployment/scripts/live-reward-content-smoke.mjs	6968072f013ecf5435c5c9ca7969a46f61e47b43a6d5fcaf39412ed97728076c
deployment	scripts/read-cutover-monolith.mjs	deployment/scripts/read-cutover-monolith.mjs	24d25da748edc6d7cba9e9ddf67375f7f6e20fccdf9317c5fb3a3594fa0887bf
deployment	scripts/read-cutover-probe.mjs	deployment/scripts/read-cutover-probe.mjs	20fa60d58eb54c6b2fdfddd65c7ef05de469f3231997c8798f30a5f62a8b4dbe
kubernetes	deploy/k8s/backend-deployment.yaml	kubernetes/backend-deployment.yaml	261c2957299ad95d5494e2cc72c5c574006dd92c469ccea3a12ab569e29d3947
kubernetes	deploy/k8s/backend-service.yaml	kubernetes/backend-service.yaml	d34129f81b20e0c95137ae366241d1e9003eaacc7c4c905221bdb1684a3a0fe5
kubernetes	deploy/k8s/configmap.yaml	kubernetes/configmap.yaml	e0790447465f2b462b72676b86eaba30d35c4c404e20fa35a16c12997eda303c
kubernetes	deploy/k8s/db-migrate-job.yaml	kubernetes/db-migrate-job.yaml	a17403bdcfc94b443a8f60b87ad4323f63e135e71bbce09b03ee655cc4c7c302
kubernetes	deploy/k8s/frontend-deployment.yaml	kubernetes/frontend-deployment.yaml	f8b563aca193f5e66346f58bd6136959706a18b31d9d4e86dd4e7c195cbace48
kubernetes	deploy/k8s/frontend-service.yaml	kubernetes/frontend-service.yaml	aa51c775ab217bb4ab0f02bd6119ed11ef7256f5304ce86cd3692a68e884b931
kubernetes	deploy/k8s/kustomization.yaml	kubernetes/kustomization.yaml	a8f1d72252fb54927426a9b7187300e6debb83351d4d97e8c19e95903d0712f4
kubernetes	deploy/k8s/live-reward/Dockerfile.mysql	kubernetes/live-reward/Dockerfile.mysql	0be84a0385c6e316193d30ebeed840c4bdf32bf034f7479e8b4c6b872b24f5b6
kubernetes	deploy/k8s/live-reward/migration-job.yaml	kubernetes/live-reward/migration-job.yaml	b87e1cf82cc3f1c1b2ab670bc68f4c1638738b90ca271f7ef905aa2e828f6f83
kubernetes	deploy/k8s/live-reward/mysql.yaml	kubernetes/live-reward/mysql.yaml	6bce47a47d15250699e72f6c01a6decf6c513acc49dd6a287fbe3cc64a4b3122
kubernetes	deploy/k8s/live-reward/namespace.yaml	kubernetes/live-reward/namespace.yaml	93d8b40ab5ecbff25bea23cc493687c780dd15f677312b996249bc972b66825d
kubernetes	deploy/k8s/live-reward/README.md	kubernetes/live-reward/README.md	df59a5b8aa4db5aab198125e0d3f5f74cce6a202eb9461b42226e3df05f13239
kubernetes	deploy/k8s/live-reward/service.yaml	kubernetes/live-reward/service.yaml	cccb3a49a4b9ed61f4223baa8b6d1813751ebbba066235b041286d1d2219a2d4
kubernetes	deploy/k8s/microservices/configmap.yaml	kubernetes/microservices/configmap.yaml	2aa292f9beb241746601fd734ae1e9a9e083504a816e5bac60b76b36f6e6561a
kubernetes	deploy/k8s/microservices/content-migrate-job.yaml	kubernetes/microservices/content-migrate-job.yaml	539793c0c02588f62c54e8191c286faaaed5c920f0489611876d98141604c4cc
kubernetes	deploy/k8s/microservices/content-minio.yaml	kubernetes/microservices/content-minio.yaml	efeaddea80c851b1fb1c5c520083f0aaf9c3f40cce0bfbaafd7ee3d95cc6780d
kubernetes	deploy/k8s/microservices/Dockerfile.metrics-server	kubernetes/microservices/Dockerfile.metrics-server	26a978dba3bbd4409a13966129939883deda2b8c79d29ff6e9c40d687a60b824
kubernetes	deploy/k8s/microservices/governance-migrate-job.yaml	kubernetes/microservices/governance-migrate-job.yaml	9faa252b680034b59dd20587af05583033748285e7e8fd2222ee2b52de9aa083
kubernetes	deploy/k8s/microservices/hpa.yaml	kubernetes/microservices/hpa.yaml	ce9b5da1199bbb8df9d8617bb5e1adf8fafa04b2dd2be11014dc7db64a500c6e
kubernetes	deploy/k8s/microservices/identity-migrate-job.yaml	kubernetes/microservices/identity-migrate-job.yaml	42c70ecf9ebd1a65ae7d54c97230e57dc60cf636258fb4ad27ea562deb0adfcb
kubernetes	deploy/k8s/microservices/kustomization.yaml	kubernetes/microservices/kustomization.yaml	4067eb7faf2e250367be2ad79fa5d3ff1616d3f63f63a8b7ff65e0aa8040ed9a
kubernetes	deploy/k8s/microservices/live-reward-migrate-job.yaml	kubernetes/microservices/live-reward-migrate-job.yaml	63b74449c42efb9606467f44c316ae5ab326778e46447aa0a9238c59965f05f2
kubernetes	deploy/k8s/microservices/namespace.yaml	kubernetes/microservices/namespace.yaml	2915f5ee307deede6a587a237a3e7b2a831a4a35cea6aba8667d6b544af72a95
kubernetes	deploy/k8s/microservices/secret.example.yaml	kubernetes/microservices/secret.example.yaml	c07957d6443faac7edf8fd0c0adab47f37cce69fcc772d658a9283b3fdb5e8c3
kubernetes	deploy/k8s/microservices/services.yaml	kubernetes/microservices/services.yaml	2adbd0469e8f0b9f9a6a760d606ef35aa35623d5dbea427d53356d912da0f551
kubernetes	deploy/k8s/mysql-service.yaml	kubernetes/mysql-service.yaml	b2347fadc93c6d94fe8926a6000971636d99448fd040ecb915fda468e0b2fa31
kubernetes	deploy/k8s/mysql-statefulset.yaml	kubernetes/mysql-statefulset.yaml	0c1e05718976576de5082649d8b63d0c871528bec5cbf945c07c81f9785b8370
kubernetes	deploy/k8s/namespace.yaml	kubernetes/namespace.yaml	24adcadc12ad5f6cfef341c6ea4d7c6fc8f1fd3cf2ff73d250fbeb0feb7cf75d
kubernetes	scripts/k8s-collect-evidence.sh	kubernetes/scripts/k8s-collect-evidence.sh	139fe2b2c25e4928031f1be3f9434d96a8a379987f21187b0182af1e20a4bdc3
kubernetes	scripts/k8s-deploy-microservices.sh	kubernetes/scripts/k8s-deploy-microservices.sh	819bb0d614724d3144e17ff21f50e8977c660777292b32f320f156a162056b09
kubernetes	scripts/k8s-deploy.sh	kubernetes/scripts/k8s-deploy.sh	69da941430752af51b3610a3a315a5c1d70476565f82c14b9800a205a1fa20e2
kubernetes	scripts/k8s-health-check-microservices.sh	kubernetes/scripts/k8s-health-check-microservices.sh	f7cc51290c972a96086eb5e10d5f349a75a43e935abfc04e89ff4b1e50b3658a
kubernetes	scripts/k8s-health-check.sh	kubernetes/scripts/k8s-health-check.sh	8a39d505ef7153e61760a7b0f30acbea3248cda83006fd7291961a7a3f44dc91
kubernetes	scripts/k8s-live-reward-smoke.sh	kubernetes/scripts/k8s-live-reward-smoke.sh	d757eaeb4e4e35d4773edb95b54fdcc26a41f11baafb68f491d969d12c46d3cf
kubernetes	deploy/k8s/secret.example.yaml	kubernetes/secret.example.yaml	2c976fbfb14f6e1e5872a85b0c630b7e4f6e63a4c31c08d531553c6f53a81197
pipelines	.github/workflows/monolith-ci.yml	pipelines/github-actions/monolith-ci.yml	7d236ffd7d18ccaad2490f294f8921ae467932637aa93a89eba93a634f58ad37
pipelines	Jenkinsfile	pipelines/Jenkinsfile	b21ccae84c668aaaa7bab13f0ce51d6e87d81d5473dbc1bee82aa3b84622f085
pipelines	scripts/ci-api-integration.sh	pipelines/scripts/ci-api-integration.sh	461619f6105eb3d94a7b4573700f7c68d942e1b2c163efebb9eeb5d3f295ad1b
pipelines	scripts/ci-bootstrap.sh	pipelines/scripts/ci-bootstrap.sh	334e3ad8cbe2adb4e25eea8ec23ea0f02b361b46397a0beff3f200ce998c0396
pipelines	scripts/ci-build-images.sh	pipelines/scripts/ci-build-images.sh	fc62d9315cda37050ec1c455aed61f07c4484e294a6eff18f0793b3c09cdb703
pipelines	scripts/ci-build.sh	pipelines/scripts/ci-build.sh	a3171b088fa777e25a7e720c5ea438ca450c052af2651301da80bee7c9fdb1ec
pipelines	scripts/ci-cleanup.sh	pipelines/scripts/ci-cleanup.sh	8be85375a2f0be9c6994eaab0248a34a72763699b5d61160b061297eb0385dca
pipelines	scripts/ci-common.sh	pipelines/scripts/ci-common.sh	6eb2f775f2e06a5137947dbf124e3615e695439ac521d47173c168f3e717de0d
pipelines	scripts/ci-db-migrate.sh	pipelines/scripts/ci-db-migrate.sh	7b2fef7b4aca69e168b38331c6dd90c33ce8d238f3e3d20cc7feec33ca3840f6
pipelines	scripts/ci-finalize-evidence.sh	pipelines/scripts/ci-finalize-evidence.sh	6f907c935c622236abca7a6f243c927d16612df2cdaf45678ddc6ab58e1b3ccf
pipelines	scripts/ci-install.sh	pipelines/scripts/ci-install.sh	586299403456ea20cb842642610db552f939d54657326799ecf1a8160966809f
pipelines	scripts/ci-k8s-deploy.sh	pipelines/scripts/ci-k8s-deploy.sh	d5a7b6eed3354390e976e6804618d7ada8e855062de8a93dd9997ee56e1b1fd4
pipelines	scripts/ci-k8s-health-check.sh	pipelines/scripts/ci-k8s-health-check.sh	486bc1a406301aad9e62ed62b46fac229c3df4fcc9ee816726631483efa92377
pipelines	scripts/ci-lint.sh	pipelines/scripts/ci-lint.sh	c430c6fe6f091924f8aca32cb1cadecd82bda9589112a9992ae002536650b94d
pipelines	scripts/ci-local-run.sh	pipelines/scripts/ci-local-run.sh	871d59948dcacc8f62d476efa50090c2dca80c571ea6dac9c22cabfd1d58993c
pipelines	scripts/ci-mark-stage.sh	pipelines/scripts/ci-mark-stage.sh	ea092d440eb35c3864122bfe63e5c55a44bd21254d9b4b3b7abeeb281d5176c6
pipelines	scripts/ci-microservices.sh	pipelines/scripts/ci-microservices.sh	b1aca4a3b6855379d584ab1169a64cf41d6a2846318394c4aaca9f39d3009a34
pipelines	scripts/ci-playwright-e2e.sh	pipelines/scripts/ci-playwright-e2e.sh	c99757263f2a76720583ebb9cc76acc43cc36bad75ab46a38c57581c18442b12
pipelines	scripts/ci-seed-test-data.sh	pipelines/scripts/ci-seed-test-data.sh	7acf141c5690d6f4477ca54874d80e1a9dd197355cf5796109d0d407f71a872f
pipelines	scripts/ci-start-isolated-db.sh	pipelines/scripts/ci-start-isolated-db.sh	b0036649f8e0c83ce571abfad44fc8bd5bfb0905a11eabdf9ce78ccebac9b777
pipelines	scripts/ci-unit.sh	pipelines/scripts/ci-unit.sh	5caf1960aa1e39d3441c37d04df2531cd5ca8f675134e543488a5e5d400a5e12
pipelines	scripts/jest-junit-reporter.cjs	pipelines/scripts/jest-junit-reporter.cjs	8ff8995f6db040ea4075b4761e846be5526d1908d03f1c9da09bc28b9aa30e98
